{"midnight": 401, "diner": 163, "high": 280, "school": 543, "musical": 419, "jiro": 325, "dreams": 176, "of": 445, "sushi": 610, "crayon": 137, "shin": 559, "chan": 115, "the": 624, "movie": 413, "harry": 269, "potter": 488, "turning": 656, "red": 512, "avengers": 65, "aladdin": 28, "idk": 296, "deadpool": 152, "and": 40, "wolverine": 700, "pokemon": 484, "dabba": 143, "spiderman": 587, "john": 328, "wick": 693, "chapter": 118, "it": 314, "sounds": 583, "like": 360, "you": 707, "re": 506, "referring": 513, "to": 640, "ratatouille": 503, "pixar": 478, "animated": 43, "film": 208, "about": 18, "rat": 502, "named": 425, "remy": 515, "who": 691, "becoming": 78, "great": 253, "chef": 119, "despite": 157, "being": 80, "rodent": 527, "in": 301, "profession": 493, "dominated": 168, "by": 108, "humans": 291, "story": 599, "is": 311, "set": 550, "paris": 463, "beautifully": 76, "blends": 90, "themes": 627, "passion": 468, "creativity": 139, "perseverance": 472, "culinary": 142, "world": 701, "let": 358, "me": 390, "know": 343, "if": 297, "this": 634, "one": 450, "thinking": 633, "last": 353, "samurai": 538, "gentlemen": 236, "italian": 315, "job": 326, "at": 61, "end": 189, "after": 24, "battle": 73, "nyc": 442, "tony": 645, "stark": 595, "suggests": 606, "rest": 516, "team": 617, "that": 623, "they": 629, "go": 242, "get": 237, "shawarma": 556, "five": 214, "nights": 436, "freddy": 220, "advengers": 23, "2012": 9, "shang": 552, "chi": 120, "kill": 339, "bill": 83, "hunger": 292, "games": 231, "green": 254, "book": 93, "teenage": 619, "mutant": 420, "ninja": 437, "turtles": 658, "isle": 312, "dogs": 167, "us": 666, "cleopatra": 127, "spider": 586, "man": 381, "home": 284, "alone": 34, "barbie": 70, "for": 217, "some": 576, "reason": 509, "first": 212, "thing": 630, "came": 109, "mind": 403, "spirited": 589, "away": 66, "fast": 202, "furious": 227, "toy": 648, "back": 68, "action": 21, "borat": 94, "dune": 182, "dark": 146, "knight": 342, "memory": 395, "geisha": 234, "crazy": 138, "rich": 518, "asians": 58, "showcases": 563, "making": 378, "poisoned": 483, "social": 575, "network": 431, "finding": 211, "nemo": 430, "johnny": 329, "english": 192, "prince": 490, "egypt": 186, "pearl": 470, "harbour": 267, "kiki": 338, "delivery": 155, "service": 549, "interstellar": 306, "jaws": 324, "think": 632, "when": 686, "godzilla": 245, "penguins": 471, "madagascar": 375, "lost": 370, "translation": 652, "garfield": 232, "captain": 111, "america": 36, "oldboy": 448, "iron": 310, "wall": 672, "star": 594, "wars": 675, "pulp": 495, "fiction": 206, "la": 351, "land": 352, "masterchef": 386, "godfather": 244, "saving": 539, "private": 492, "ryan": 536, "big": 82, "hero": 277, "dangal": 145, "hangover": 263, "parabellum": 461, "cloudy": 128, "with": 697, "chance": 116, "meatballs": 393, "monsters": 410, "inc": 302, "son": 579, "babylon": 67, "jurassic": 331, "park": 464, "quiet": 499, "place": 480, "batman": 72, "house": 288, "md": 389, "mean": 391, "girls": 240, "monty": 411, "python": 498, "only": 451, "associated": 60, "food": 216, "item": 318, "would": 702, "be": 74, "due": 181, "post": 486, "credit": 140, "scene": 542, "short": 561, "kung": 349, "fu": 225, "panda": 460, "eat": 184, "credits": 141, "dictator": 162, "whale": 685, "mulan": 417, "47": 16, "ronin": 529, "inception": 303, "dragon": 174, "mission": 407, "impossible": 300, "east": 183, "side": 566, "cars": 112, "fallen": 199, "angels": 41, "tokyo": 644, "drift": 177, "turtle": 657, "movies": 414, "pizza": 479, "eating": 185, "shrek": 565, "your": 708, "name": 424, "diary": 161, "wimpy": 696, "kid": 336, "rodrick": 528, "rules": 531, "totoro": 647, "gran": 252, "turismo": 655, "my": 421, "neighbor": 429, "cousin": 136, "vinny": 669, "anjaana": 45, "anjaani": 46, "kingdom": 341, "heaven": 273, "princess": 491, "diaries": 160, "avenger": 64, "lebowski": 355, "endgame": 190, "breakfast": 99, "club": 129, "karate": 332, "transformers": 651, "ritual": 526, "meatball": 392, "nice": 435, "chill": 122, "maybe": 387, "something": 577, "stranger": 600, "things": 631, "future": 229, "part": 465, "hawkeye": 272, "grown": 256, "ups": 665, "joe": 327, "aquaman": 51, "futurama": 228, "bender": 81, "score": 544, "air": 27, "bud": 102, "idiots": 295, "because": 77, "needs": 428, "sliced": 571, "slice": 570, "davinci": 147, "code": 130, "monster": 409, "together": 643, "new": 433, "york": 706, "homealone": 285, "any": 48, "ponyo": 485, "bullet": 104, "train": 649, "mobster": 408, "21": 13, "jump": 330, "street": 601, "findig": 210, "mystic": 423, "rush": 535, "hour": 287, "ratatoullie": 504, "was": 676, "memoirs": 394, "slumdog": 572, "millionaire": 402, "squid": 593, "game": 230, "lion": 362, "king": 340, "fish": 213, "shark": 555, "which": 688, "family": 200, "watched": 678, "weekend": 683, "while": 689, "eternal": 195, "sunshine": 607, "spotless": 591, "anchorman": 39, "rurouni": 534, "kenshin": 334, "time": 637, "happiness": 264, "mib": 399, "day": 149, "2024": 12, "1001": 2, "marvel": 384, "running": 533, "kungfu": 350, "goodfellas": 249, "alladin": 33, "legend": 356, "howl": 290, "moving": 415, "castle": 114, "pacific": 459, "rim": 521, "up": 663, "1953": 3, "blade": 88, "runner": 532, "happy": 265, "gilmore": 238, "breakaway": 98, "ferris": 205, "bueller": 103, "off": 446, "don": 169, "mess": 397, "zohan": 709, "an": 38, "85": 17, "year": 704, "old": 447, "master": 385, "behind": 79, "three": 636, "michelin": 400, "restaurant": 517, "his": 282, "sons": 581, "are": 54, "take": 613, "over": 457, "business": 106, "2021": 11, "pray": 489, "love": 372, "shanghai": 554, "noon": 439, "truman": 653, "show": 562, "wolf": 699, "sonic": 580, "hedgehog": 274, "associate": 59, "series": 548, "pleasant": 482, "goat": 243, "as": 57, "childhood": 121, "shows": 564, "from": 224, "we": 681, "could": 135, "sometimes": 578, "out": 456, "boy": 96, "heron": 278, "or": 453, "teen": 618, "party": 466, "features": 203, "lot": 371, "sweet": 611, "stuff": 603, "friends": 223, "so": 574, "heretic": 276, "honest": 286, "can": 110, "really": 508, "but": 107, "have": 270, "answer": 47, "say": 540, "minions": 405, "rise": 524, "gru": 257, "james": 321, "bond": 92, "007": 0, "arcane": 53, "again": 25, "shawarmas": 557, "appear": 50, "though": 635, "hey": 279, "freddies": 219, "mario": 383, "am": 35, "2005": 7, "life": 359, "beautiful": 75, "scary": 541, "2006": 8, "chounouryoku": 124, "daikessen": 144, "tobe": 641, "temakizushi": 620, "friday": 222, "murder": 418, "mystery": 422, "into": 307, "spiderverse": 588, "argo": 55, "30": 14, "minutes": 406, "less": 357, "sam": 537, "raimi": 501, "tale": 615, "lord": 368, "rings": 523, "liz": 365, "blue": 91, "bird": 85, "shogun": 560, "billions": 84, "tv": 659, "episode": 194, "empire": 188, "strikes": 602, "weathering": 682, "drive": 179, "wicked": 694, "gossip": 251, "girl": 239, "dead": 151, "reckoning": 511, "scott": 545, "pilgrim": 477, "vs": 671, "little": 364, "italy": 317, "fight": 207, "dinner": 164, "intern": 305, "fellowship": 204, "ring": 522, "detective": 159, "conan": 133, "doraemon": 172, "spy": 592, "next": 434, "door": 170, "silence": 567, "poter": 487, "once": 449, "upon": 664, "hollywood": 283, "south": 584, "obesity": 443, "grinch": 255, "chandni": 117, "chowk": 125, "china": 123, "how": 289, "lose": 369, "guy": 260, "10": 1, "days": 150, "gladiator": 241, "snowpiercer": 573, "piece": 476, "gold": 247, "apology": 49, "silent": 568, "voice": 670, "naruto": 426, "invisible": 309, "guest": 258, "taxi": 616, "driver": 180, "breaking": 100, "bad": 69, "made": 376, "abyss": 19, "dawn": 148, "deep": 153, "soul": 582, "neverending": 432, "ii": 298, "bladerunner": 89, "zootopia": 710, "django": 165, "unchained": 662, "maze": 388, "kids": 337, "3d": 15, "spongebob": 590, "2004": 6, "step": 597, "brothers": 101, "rick": 519, "morty": 412, "final": 209, "takes": 614, "there": 628, "sells": 547, "themed": 626, "oppenheimer": 452, "inside": 304, "tnmt": 639, "tobey": 642, "maguire": 377, "2001": 4, "pi": 474, "drange": 175, "pursuit": 497, "happyness": 266, "black": 87, "hawk": 271, "down": 173, "everything": 197, "everywhere": 198, "all": 32, "do": 166, "right": 520, "tmnt": 638, "koe": 346, "no": 438, "katachi": 333, "city": 126, "hunter": 293, "despicable": 156, "coraline": 134, "drishyam": 178, "lawrence": 354, "arabia": 52, "not": 441, "harold": 268, "kumar": 348, "white": 690, "parasite": 462, "yeh": 705, "jawaani": 323, "hai": 262, "deewani": 154, "age": 26, "ultron": 661, "ultraman": 660, "rising": 525, "reminder": 514, "malena": 379, "way": 680, "mandoob": 382, "across": 20, "verse": 668, "alien": 29, "luca": 373, "avenegers": 63, "shangchi": 553, "good": 248, "where": 687, "had": 261, "purple": 496, "octopus": 444, "seven": 551, "2016": 10, "busan": 105, "fought": 218, "aliens": 30, "superheroes": 609, "gather": 233, "local": 366, "nearly": 427, "destroyed": 158, "invasion": 308, "quietly": 500, "around": 56, "table": 612, "fun": 226, "superbad": 608, "yakuza": 703, "comes": 131, "minds": 404, "im": 299, "were": 684, "whole": 692, "order": 454, "boxes": 95, "their": 625, "trying": 654, "see": 546, "going": 246, "pay": 469, "room": 530, "venom": 667, "toronto": 646, "since": 569, "common": 132, "here": 275, "such": 605, "mamma": 380, "mia": 398, "mufasa": 416, "alita": 31, "warrior": 674, "nosferatu": 440, "famous": 201, "kodoku": 345, "gurume": 259, "mermaid": 396, "american": 37, "pie": 475, "lucy": 374, "passengers": 467, "will": 695, "hunting": 294, "transformer": 650, "shazam": 558, "wizards": 698, "waverly": 679, "kevin": 335, "orders": 455, "entire": 193, "himself": 281, "italians": 316, "goofy": 250, "kong": 347, "2002": 5, "starring": 596, "emoji": 187, "ready": 507, "player": 481, "pac": 458, "looks": 367, "ending": 191, "proposal": 494, "anime": 44, "stupid": 604, "avangers": 62, "liquorice": 363, "japanese": 322, "general": 235, "boys": 97, "philosopher": 473, "stone": 598, "free": 221, "casablanca": 113, "ten": 621, "angry": 42, "birds": 86, "knowledge": 344, "limited": 361, "barely": 71, "watch": 677, "actually": 22, "walter": 673, "flips": 215, "terminator": 622, "rattatouie": 505, "even": 196, "isnt": 313, "recep": 510, "ivedik": 319, "dora": 171, "space": 585, "jam": 320}